filing,ticker,summary
AAPL_10-K_0000320193-20-000096,AAPL,"Apple Inc.'s business, financial condition, and operating results are subject to various risks, including the COVID-19 pandemic, global and regional economic conditions, and intense competition in the technology industry. The company's financial performance depends on its ability to innovate and introduce new products and services, manage its supply chain and manufacturing operations, and navigate risks associated with outsourcing and component sourcing. The COVID-19 pandemic has already had a material adverse impact on the company's business, and ongoing global economic uncertainty and competitive pressures may continue to affect its financial condition and operating results. Apple's ability to mitigate these risks and maintain its competitive advantage will be critical to its future financial performance."
AAPL_10-K_0000320193-21-000105,AAPL,"Apple Inc.'s business overview highlights its commitment to diversity, inclusion, and employee well-being, as well as its focus on protecting employees' health and safety. The company faces key risks, including the ongoing COVID-19 pandemic, macroeconomic and industry risks, and global market competition. The pandemic has had a significant impact on Apple's business, results of operations, and financial condition, and its effects remain uncertain. Additionally, the company is exposed to risks related to global economic conditions, trade and international disputes, natural disasters, and industrial accidents, which can disrupt its supply chain, sales, and distribution channels. Apple's financial performance is not explicitly discussed in this excerpt, but the company's ability to manage these risks and maintain its competitive advantage will be crucial to its future success."
AAPL_10-K_0000320193-22-000108,AAPL,"Apple Inc.'s business overview highlights its global operations, with a majority of its net sales coming from outside the US. The company faces key risks, including macroeconomic and industry risks, such as adverse economic conditions, trade policies, and disputes, which can impact demand for its products and services. Additionally, the company is exposed to risks related to its global supply chain, including component shortages, manufacturing disruptions, and logistical issues. In terms of financial performance, Apple's results of operations and financial condition can be materially and adversely affected by these risks, and the company's ability to compete effectively in highly competitive global markets is crucial to its success."
AAPL_10-K_0000320193-23-000106,AAPL,"Apple Inc.'s business overview highlights its global operations, with a majority of its net sales coming from outside the US. The company faces key risks, including macroeconomic and industry risks, such as adverse economic conditions, trade restrictions, and global supply chain disruptions. Additionally, Apple competes in highly competitive markets, with significant competition from companies with substantial resources and established relationships. The company's financial performance is dependent on its ability to continually innovate and improve its products and services, manage its global supply chain, and mitigate risks associated with its outsourcing partners and component suppliers. Overall, Apple's business, results of operations, and financial condition are subject to various risks and uncertainties that could materially adversely affect its performance."
AAPL_10-K_0000320193-24-000123,AAPL,"Apple Inc.'s business overview highlights its commitment to diversity, inclusion, and employee well-being. The company faces key risks, including macroeconomic and industry risks, such as adverse global economic conditions, trade restrictions, and geopolitical tensions, which can impact demand for its products and services. Additionally, Apple operates in highly competitive global markets with rapid technological change, and its ability to compete depends on introducing innovative products and services. The company's financial performance is also subject to risks related to its global supply chain, including reliance on single-source outsourcing partners and potential disruptions due to natural disasters, industrial accidents, and other events."
MSFT_10-K_0000950170-23-035122,MSFT,"Microsoft's business overview highlights its focus on helping customers maximize their digital spend through the Microsoft Cloud, while leading the new AI wave across its solution areas. The company is investing in various areas, including transforming the workplace, building cloud-based services, and applying AI to drive insights and productivity gains. Key risks include the company's ability to transcend current product category definitions and business models. Financially, Microsoft operates through three segments: Productivity and Business Processes, Intelligent Cloud, and More Personal Computing, with revenue growth dependent on factors such as installed base growth, average revenue per user expansion, and the shift to cloud-based services."
MSFT_10-K_0000950170-24-087843,MSFT,"Microsoft's business overview highlights its focus on expanding access to video games, developing innovative hardware and experiences, and leading the AI platform wave. The company's key risks include its ability to transcend current product category definitions and business models. Financially, Microsoft operates through three segments: Productivity and Business Processes, Intelligent Cloud, and More Personal Computing, with revenue driven by factors such as cloud services adoption, AI-enabled insights, and customer engagement. The company faces competition from various players, including Apple, Google, and Amazon, and is investing in initiatives such as digital skills training and sustainability to drive long-term growth."
MSFT_10-K_0001564590-20-034944,MSFT,"Microsoft's business operations were impacted by the COVID-19 pandemic, with substantial modifications made to employee travel policies and work-from-home arrangements. The company's financial performance is reported through three segments: Productivity and Business Processes, Intelligent Cloud, and More Personal Computing. Microsoft faces competition in various markets, including productivity software, cloud services, and gaming, from companies such as Apple, Google, Amazon, and IBM. The company's revenue is driven by factors such as cloud consumption, average revenue per user, and the shift to cloud-based services, with a focus on providing secure, integrated, and easy-to-use solutions to customers."
MSFT_10-K_0001564590-21-039151,MSFT,"Microsoft's business overview highlights its focus on accelerating digital transformations through software and cloud computing, with a goal to lead the industry in distinct areas of technology. The company is investing in various areas, including transforming the workplace, building cloud-based services, and applying AI to drive customer insights. Key risks include the impact of the COVID-19 pandemic, which has had widespread and unpredictable effects on global society and economies. Financially, Microsoft's future growth depends on its ability to transcend current product category definitions and business models, with a focus on sustained growth and innovation."
MSFT_10-K_0001564590-22-026876,MSFT,"Microsoft's business overview highlights its focus on digital transformation, cloud-based services, and gaming experiences. The company is investing in various areas, including AI, security, and sustainability, to drive long-term growth. Microsoft's key risks include the ability to transcend current product category definitions and business models. Financially, the company has made significant investments in sustainability, diversity, and inclusion initiatives, and has seen progress in reducing its environmental footprint and increasing representation of underrepresented groups in its workforce. Overall, Microsoft aims to lead the industry in several distinct areas of technology and achieve sustained growth while prioritizing corporate social responsibility and environmental sustainability."
GOOGL_10-K_0001652044-20-000008,GOOGL,"Alphabet Inc., the parent company of Google, generates most of its revenue from advertising, with over 83% of total revenues coming from online ad display in 2019. The company faces intense competition in every aspect of its business, particularly from companies that connect people with online information and provide relevant advertising. Key risks include reduced spending by advertisers, loss of partners, and new technologies that block ads online, as well as the company's ability to innovate and provide products and services that are useful to users. Google's financial performance is also subject to seasonal fluctuations in internet usage and advertising expenditures, and the company must continue to invest in research and development to remain competitive."
GOOGL_10-K_0001652044-21-000010,GOOGL,"Alphabet Inc., the parent company of Google, generates most of its revenue from advertising, with over 80% of total revenues coming from online ad display in 2020. The company's business is subject to various risks, including reduced spending by advertisers, loss of partners, and new technologies that block ads online. Google's financial performance is also affected by seasonal fluctuations in internet usage and advertising expenditures, as well as competition from other tech companies. The company is investing in new areas, such as Google Cloud, hardware, and YouTube, to drive long-term growth and reduce dependence on advertising revenue."
GOOGL_10-K_0001652044-22-000019,GOOGL,"Alphabet Inc., the parent company of Google, is a global technology leader with a diverse range of products and services, including search, advertising, cloud computing, and hardware. The company's financial performance is driven primarily by its advertising business, with revenues generated from Google Search, YouTube, and Google Network properties. Key risks facing the company include intense competition in the technology industry, regulatory scrutiny, and intellectual property protection. Alphabet is committed to sustainability and has set ambitious goals to achieve net-zero emissions and promote a circular economy, with a focus on innovation, user experience, and social responsibility."
GOOGL_10-K_0001652044-23-000016,GOOGL,"Alphabet Inc., the parent company of Google, is a global technology leader with a diverse range of products and services, including search, advertising, cloud computing, and hardware. The company's financial performance is driven primarily by its advertising business, with revenues also generated from Google Play, hardware, and YouTube subscriptions. Key risks facing the company include intense competition in the technology industry, regulatory scrutiny, and the need to continuously innovate and invest in new technologies to stay ahead. The company is also committed to sustainability, with goals to achieve net-zero emissions and promote environmentally responsible practices throughout its operations and supply chain."
GOOGL_10-K_0001652044-24-000022,GOOGL,"Alphabet Inc., the parent company of Google, is focused on organizing the world's information and making it universally accessible and useful. The company's key businesses include Google Services, which generates revenue primarily from advertising, and Google Cloud, which provides infrastructure, platform, and collaboration tools to customers. Google faces intense competition in various areas, including search engines, online advertising, and cloud services. The company is committed to sustainability and has set ambitious goals to achieve net-zero emissions and 24/7 carbon-free energy by 2030. In terms of financial performance, the excerpt does not provide specific details, but it highlights the company's efforts to drive revenue growth through innovative products and services, including AI-powered solutions."
JPM_10-K_0000019617-20-000257,JPM,"JPMorgan Chase's business is subject to various regulatory requirements, including resolution planning, recovery planning, and capital adequacy standards. The firm is required to submit periodic resolution plans to the Federal Reserve and FDIC, and is subject to the Volcker Rule, which restricts certain proprietary trading activities. JPMorgan Chase is also subject to regulations related to consumer protection, securities, derivatives, and data protection, among others. The firm's financial performance and operations are impacted by these regulatory requirements, and non-compliance could result in material losses or reputational damage. Overall, JPMorgan Chase's financial condition and operations are influenced by a complex and evolving regulatory landscape."
JPM_10-K_0000019617-21-000236,JPM,"JPMorgan Chase operates under various regulatory requirements, including capital and liquidity standards set by the Federal Reserve and the OCC, which are generally consistent with the Basel III framework. The firm is subject to stress testing, enhanced prudential standards, and resolution planning requirements. JPMorgan Chase must also comply with regulations related to consumer protection, securities, investment management, derivatives, data privacy, and anti-corruption. The firm's financial performance is impacted by these regulatory requirements, and it must maintain a strong capital position and liquidity to meet these standards. Overall, JPMorgan Chase's business overview is shaped by its regulatory environment, and the firm must navigate these requirements to ensure its financial stability and performance."
JPM_10-K_0000019617-22-000272,JPM,"JPMorgan Chase is a bank holding company and financial holding company subject to comprehensive regulation under US federal and state laws, as well as international laws. The firm is supervised by the Federal Reserve, Office of the Comptroller of the Currency, and other regulatory bodies, and is required to maintain capital, liquidity, and leverage requirements. JPMorgan Chase is also subject to stress testing, enhanced prudential standards, and resolution planning requirements. The firm's financial performance is impacted by its regulatory environment, and it must comply with various laws and regulations related to consumer protection, securities, investment management, derivatives, data protection, and anti-money laundering."
JPM_10-K_0000019617-23-000231,JPM,"JPMorgan Chase is a bank holding company and financial holding company subject to comprehensive regulation by the Federal Reserve, OCC, and other authorities. The firm is required to maintain strong capital and liquidity positions, and is subject to stress testing and risk management requirements. JPMorgan Chase's financial performance is influenced by its diversified business model, which includes consumer and community banking, corporate and investment banking, and asset and wealth management. The firm's key risks include regulatory risks, credit risks, and market risks, which are managed through a robust risk management framework."
JPM_10-K_0000019617-24-000225,JPM,"JPMorgan Chase is a bank holding company and financial holding company subject to comprehensive regulation by the Federal Reserve, OCC, and other authorities. The firm is required to maintain a strong capital and liquidity position, and is subject to stress testing and resolution planning requirements to ensure its ability to withstand adverse economic conditions. JPMorgan Chase's financial performance is influenced by its ability to manage risk, attract and retain top talent, and navigate a complex regulatory environment. The firm's regulatory requirements and supervisory expectations are designed to promote financial stability and protect consumers, and include restrictions on transactions with affiliates, dividend payments, and consumer supervision and regulation."
TSLA_10-K_0000950170-22-000796,TSLA,"Tesla, Inc. (TSLA) is a leading electric vehicle (EV) manufacturer with a diverse range of products and services, including new and used vehicle sales, energy generation and storage, and automotive services. The company's business is subject to various risks, including cyclical sales trends, supply chain disruptions, and regulatory requirements. Financially, Tesla has invested heavily in manufacturing facilities, including Gigafactories in Nevada, New York, Shanghai, and Texas, and has benefited from government incentives and tax credits. The company also generates revenue from the sale of regulatory credits, energy storage systems, and solar energy products, with a focus on promoting sustainable energy solutions and reducing costs for customers."
TSLA_10-K_0000950170-23-001409,TSLA,"Tesla's business overview includes the design, manufacture, and sale of electric vehicles, energy generation and storage products, and related services. The company faces key risks, including cyclicality in the automotive market, supply chain disruptions, and regulatory challenges, particularly with regards to self-driving vehicles and battery safety. Financially, Tesla generates revenue from vehicle sales, energy products, and services, including automotive regulatory credits and energy storage system incentives. The company's financial performance is also impacted by government programs, incentives, and regulations, such as the Inflation Reduction Act, which provides tax credits for clean energy and electric vehicle purchases."
TSLA_10-K_0001564590-20-004475,TSLA,"Tesla, Inc. (TSLA) is a pioneer in electric vehicle manufacturing, energy storage, and solar energy systems. The company's key risks include competition, technological advancements, and regulatory changes. Financially, Tesla has made significant investments in manufacturing, research and development, and sales infrastructure, with a focus on expanding its product offerings and global presence. In 2020, Tesla reported revenue of $24.57 billion, a 28% increase from the previous year, driven by growth in vehicle deliveries and energy storage products."
TSLA_10-K_0001564590-21-004599,TSLA,"Tesla, Inc. (TSLA) is a leading electric vehicle and clean energy company that sells vehicles, energy generation and storage products through its website, stores, and galleries. The company's primary drivers of sales are media coverage and word of mouth, allowing for relatively low marketing costs. Tesla faces risks such as cyclicality in the automobile industry, supply chain disruptions, and regulatory changes. Financially, the company has a diverse range of products and services, including automotive sales, energy generation and storage, and financial services such as leasing and insurance, which contribute to its revenue streams."
TSLA_10-K_0001628280-24-002390,TSLA,"Tesla's business overview involves the design, manufacture, and sale of electric vehicles, energy generation and storage products, and related services. The company faces key risks, including cyclicality in the automotive industry, supply chain disruptions, and regulatory challenges. Financially, Tesla generates revenue from vehicle sales, energy generation and storage products, and services, including automotive regulatory credits and energy storage system incentives. The company has expanded its manufacturing capabilities globally, with facilities in the US, China, and Germany, and has implemented various strategies to manage costs, mitigate risks, and promote sustainable energy solutions."
